datetime,language,question,answer,sources
2026-06-04 17:07:56,ru,Как зарегистрироваться?,"Для регистрации в системе Faktura.uz выполните следующие шаги: 1. **Перейдите на сайт**: Откройте веб-браузер и перейдите на сайт https://faktura.uz. На главной странице нажмите кнопку «Войти». 2. **Начните регистрацию**: В открывшемся окне авторизации нажмите на кнопку «Регистрация». 3. **Введите контактные данные**: * Введите номер телефона или адрес электронной почты. * Ознакомьтесь и подтвердите согласие с публичной офертой. * Нажмите кнопку «Далее». 4. **Подтвердите данные**: * На указанный номер телефона или адрес электронной почты будет отправлен код подтверждения. * Введите полученный код в соответствующее поле. * Нажмите кнопку «Далее». 5. **Выберите ЭЦП и установите пароль**: * Система предложит выбрать сертификат электронной цифровой подписи (ЭЦП). Выберите нужный сертификат организации или физического лица с вашего компьютера. * Придумайте и введите пароль для входа в аккаунт (минимальная длина — 6 символов). * Повторите пароль для подтверждения. * Нажмите кнопку «Завершить» и введите пароль от сертификата в окно e-imzo. Регистрация доступна как для физических, так и для юридических лиц, с использованием номера телефона или адреса электронной почты, а также с привязкой ЭЦП.",Регистрация в системе Faktura.uz – WIKI FAKTURA.pdf; Сотрудники – WIKI FAKTURA.pdf
2026-06-04 17:20:19,ru,Как зарегистрироваться?,Для регистрации в системе Faktura.uz следуйте пошаговой инструкции: 1. **Перейдите на сайт**: Откройте веб-браузер и перейдите на сайт https://faktura.uz. На главной странице нажмите кнопку «Войти». 2. **Начните регистрацию**: В открывшемся окне авторизации нажмите кнопку «Регистрация». 3. **Введите контактные данные**: * Введите номер телефона или адрес электронной почты. * Ознакомьтесь и подтвердите согласие с публичной офертой. * Нажмите кнопку «Далее». 4. **Подтвердите данные**: * На указанный номер телефона или адрес электронной почты будет отправлен код подтверждения. * Введите полученный код в соответствующее поле. * Нажмите кнопку «Далее». 5. **Выберите ЭЦП и установите пароль**: * Система предложит выбрать сертификат электронной цифровой подписи (ЭЦП). Выберите нужный сертификат организации или физического лица с вашего компьютера. * Придумайте и введите пароль для входа в аккаунт (минимальная длина — 6 символов). * Повторите пароль для подтверждения. * Нажмите кнопку «Завершить» и введите пароль от сертификата в окно e-imzo.,Регистрация в системе Faktura.uz – WIKI FAKTURA.pdf; Сотрудники – WIKI FAKTURA.pdf
2026-06-04 17:21:42,uz,Xodimni qanday qo'shish kerak,"Xodimni Faktura.uz tizimiga qo'shish uchun quyidagi amallarni bajaring: 1. ""Sozlamalar"" bo'limini oching. 2. ""Xodimlar"" kichik bo'limiga o'ting. 3. ""Xodim qo'shish"" tugmasini bosing. 4. Ochilgan oynada quyidagi maydonlarni to'ldiring: * Xodimning F.I.O.si. * Xodimning telefon raqami yoki elektron pochtasi. * Kompaniyadagi xodimning rolini aks ettiruvchi lavozim. * Xodim ishlaydigan bo'linma. * Tizimdagi roli (masalan, administrator, menejer, foydalanuvchi). * Hujjatlarga kirish huquqi. 5. Barcha kerakli ma'lumotlarni to'ldirgandan so'ng, ""Taklif qilish"" tugmasini bosing. Shundan so'ng, ko'rsatilgan telefon raqami yoki elektron pochta manziliga hisobni faollashtirish uchun taklifnoma yuboriladi.",Сотрудники – WIKI FAKTURA.pdf
2026-06-04 17:21:47,en,How to set up access rights?,"To set up access rights in Faktura.uz, you need to create and configure a role: 1. Open the ""Settings"" section. 2. Go to the ""Roles"" subsection. 3. Click the ""Add"" button. 4. Specify a name for the role (e.g., ""Manager"" or ""Accountant""). 5. Configure access rights for this role by selecting access to necessary system sections and functions, such as creating, editing, or viewing documents. The role configuration is divided into three key sections: * **Documents**: Configure access to various document types (creation, editing, viewing, deletion) and specific categories (e.g., invoices, acts). * **Settings**: Manage access to system settings, including creating or editing departments, roles, and users, and differentiating rights for changing organization parameters or document templates. * **Counterparties**: Enable the ability to add, edit, and delete information about counterparties. 6. Save the changes by clicking the ""Save"" button. This allows for flexible management of system functionalities, defining what actions an employee can perform based on their job responsibilities.",Сотрудники – WIKI FAKTURA.pdf
2026-06-04 17:28:34,ru,Когда будет работать офис?,В базе знаний нет достаточной информации по этому вопросу.,Сотрудники – WIKI FAKTURA.pdf; Регистрация в системе Faktura.uz – WIKI FAKTURA.pdf
2026-06-04 17:40:56,ru,"Здравствуйте! Пытаюсь отправить Сф с лотом, пишет что лот не найден",В базе знаний нет достаточной информации по этому вопросу.,Гибридная почта – WIKI FAKTURA.pdf; Счет-фактура (ПКМ № 489) – WIKI FAKTURA.pdf; Товарно-транспортная накладная – WIKI FAKTURA.pdf; Массовая рассылка – WIKI FAKTURA.pdf
2026-06-04 17:41:40,ru,"Здравствуйте! Пытаюсь отправить Счет-фактор с лотом, пишет что лот не найден",В базе знаний нет достаточной информации по этому вопросу.,Счет-фактура (ПКМ № 489) – WIKI FAKTURA.pdf
2026-06-04 17:43:47,uz,Фактурадан аккаунтга кириб булмаяпти,В базе знаний нет достаточной информации по этому вопросу.,Регистрация в системе Faktura.uz – WIKI FAKTURA.pdf; Гибридная почта – WIKI FAKTURA.pdf; Счет-фактура (ПКМ № 489) – WIKI FAKTURA.pdf; Маршрутизация документов – WIKI FAKTURA.pdf
2026-06-04 17:45:29,uz,Фактурадан аккаунтга кириб булмаяпти,"Bilimlar bazasida Faktura.uz akkauntiga kirishda yuzaga keladigan muammolarning aniq sabablari bo‘yicha yetarli ma’lumot mavjud emas. Agar siz Faktura.uz akkauntingizga kira olmasangiz, qo'llab-quvvatlash xizmati bilan bog'lanishingiz mumkin: 📞 **+998 71 200 00 13**",Регистрация в системе Faktura.uz – WIKI FAKTURA.pdf; Гибридная почта – WIKI FAKTURA.pdf; Счет-фактура (ПКМ № 489) – WIKI FAKTURA.pdf; Маршрутизация документов – WIKI FAKTURA.pdf
2026-06-04 17:49:18,uz,Фактурадан аккаунтга кириб булмаяпти,Bilimlar bazasida ushbu savol bo'yicha yetarli ma'lumot yo'q.,Регистрация в системе Faktura.uz – WIKI FAKTURA.pdf; Гибридная почта – WIKI FAKTURA.pdf; Счет-фактура (ПКМ № 489) – WIKI FAKTURA.pdf; Маршрутизация документов – WIKI FAKTURA.pdf
2026-06-05 12:46:06,ru,Как войти в аккаунт?,"Чтобы войти в аккаунт Faktura.uz, вам необходимо перейти на сайт и нажать кнопку ""Войти"". **Что можно проверить:** 1. Откройте веб-браузер и перейдите на сайт: [https://faktura.uz](https://faktura.uz). 2. На главной странице нажмите кнопку «Войти» (она расположена в правом верхнем углу). В предоставленной базе знаний подробно описан процесс регистрации, включая выбор ЭЦП и установку пароля, но отсутствует отдельная инструкция по полному процессу входа в уже существующий аккаунт после регистрации. **Источник / основание из базы:** * SOURCE 1, Page 1: ""На главной странице нажмите кнопку «Войти» (расположена в правом верхнем углу).""",Регистрация в системе Faktura.uz – WIKI FAKTURA.pdf; Выбор оператора электронного документооборота – WIKI FAKTURA.pdf; Доверенность(Роуминг) – WIKI FAKTURA.pdf
2026-06-05 12:48:02,ru,Фактурадан аккаунтга кириб булмаяпти,"Если у вас возникли трудности со входом в аккаунт Faktura.uz, важно проверить несколько моментов, связанных с процедурой авторизации и использованием ваших учетных данных. **Что можно проверить:** 1. **Доступ к сайту:** Убедитесь, что вы переходите на правильный сайт Faktura.uz по адресу: https://faktura.uz. 2. **Кнопка ""Войти"":** На главной странице сайта нажмите кнопку «Войти». После этого вам откроется окно авторизации. 3. **Учетные данные (пароль и ЭЦП):** * При регистрации аккаунта вы придумывали и вводили пароль для входа. Убедитесь, что вы вводите правильный пароль. Минимальная длина пароля составляет 6 символов. * Для входа в аккаунт также требуется выбрать сертификат электронной цифровой подписи (ЭЦП) и ввести пароль от сертификата в окне e-imzo. Проверьте, что вы используете верный сертификат ЭЦП и знаете к нему пароль. **Если в базе нет точной инструкции:** В нашей базе знаний нет отдельной инструкции по восстановлению или сбросу забытого пароля для входа в аккаунт. **Источник / основание из базы:** Информация о регистрации, создании пароля для входа в аккаунт и использовании ЭЦП взята из документа ""Регистрация в системе Faktura.uz"" (SOURCE 1, SOURCE 2, SOURCE 3).",Регистрация в системе Faktura.uz – WIKI FAKTURA.pdf; Доверенность(Роуминг) – WIKI FAKTURA.pdf; Выбор оператора электронного документооборота – WIKI FAKTURA.pdf
2026-06-05 15:21:49,ru,Фактурадан аккаунтга кириб булмаяпти,"Если у вас возникли трудности со входом в аккаунт Faktura.uz, вот что можно проверить: **Что можно проверить:** * **Учетные данные:** Убедитесь, что вы правильно ввели номер телефона или адрес электронной почты, а также пароль. * **ЭЦП:** Если для входа используется ЭЦП, проверьте, доступен ли сертификат ЭЦП на вашем компьютере и корректно ли он работает через программу e-imzo. * **Статус сотрудника:** Если вы являетесь сотрудником, проверьте, был ли ваш аккаунт добавлен администратором и активировали ли вы приглашение. **Что делать, если это не помогло (сброс пароля):** Если после всех проверок войти не удалось, попробуйте сбросить пароль: 1. На главной странице Faktura.uz нажмите кнопку **Войдите** (расположена в правом верхнем углу). 2. На странице входа найдите и нажмите ссылку **Забыли пароль?** или аналогичную. 3. Введите адрес электронной почты, связанный с вашим аккаунтом, и отправьте запрос на восстановление. 4. Проверьте свою электронную почту. Вам придет письмо с инструкциями по восстановлению пароля. Следуйте этим инструкциям. 5. После перехода по ссылке из письма вы сможете создать новый пароль для вашего аккаунта. Если доступ восстановить не удалось, обратитесь в поддержку Faktura.uz по номеру: 📞 **+998 71 200 00 13**. **Источник / основание:** Инструкции основаны на информации из approved_case:manual_login_001.",approved_case:manual_login_001; Регистрация в системе Faktura.uz – WIKI FAKTURA.pdf
2026-06-05 15:26:14,ru,У меня возникает ошибка при подписании документа,"Понимаю, что у вас возникла ошибка при подписании документа. В предоставленной информации нет точной инструкции по устранению ошибок, возникающих непосредственно при подписании. **Что можно проверить:** * Убедитесь, что у вас есть действующий сертификат ЭЦП (Электронной цифровой подписи). * Проверьте, что вы вошли в свой личный кабинет и прошли необходимую регистрацию в системе Faktura.uz. * Если вы подписываете доверенность как физическое лицо, убедитесь, что вы подтвердили свой ИНН/ПИНФЛ с помощью ЭЦП и активировали функцию доверенного лица в разделе ""Настройки"" > ""Личный кабинет"". Если после этих проверок проблема сохраняется, возможно, потребуется дополнительная диагностика, но, к сожалению, в нашей базе знаний нет конкретных инструкций по устранению ошибок подписания. **Источник / основание из базы:** * Для подписания документов требуется ЭЦП-ключ (SOURCE 3, SOURCE 4). * Для входа в личный кабинет физическому лицу необходим сертификат ЭЦП и регистрация, а также подтверждение ИНН/ПИНФЛ и активация функции доверенного лица (SOURCE 4).",Доверенность(Роуминг) – WIKI FAKTURA.pdf; Акт-сверки(Роуминг) – WIKI FAKTURA.pdf; Счет-фактура (ПКМ № 489) – WIKI FAKTURA.pdf
2026-06-05 15:28:52,ru,У меня возникает ошибка при подписании документа,"Понимаю, что у вас возникла ошибка при подписании документа. В предоставленной базе знаний нет точной инструкции по устранению ошибок при подписании. **Что можно проверить:** * Убедитесь, что ваш ЭЦП-ключ (электронно-цифровая подпись) исправен и правильно подключен. * Если вы подписываете доверенность как физическое лицо, убедитесь, что вы прошли регистрацию в системе Faktura.uz и используете свой ЭЦП-ключ для входа в личный кабинет (Source 4). К сожалению, в базе знаний нет конкретных шагов по устранению ошибок, которые могут возникнуть при подписании документов. Если проблема сохраняется, рекомендуем обратиться в службу поддержки. **Источник / основание из базы:** * +998 71 200 00 13 (Source 1, Source 3)",Доверенность(Роуминг) – WIKI FAKTURA.pdf; Акт-сверки(Роуминг) – WIKI FAKTURA.pdf; Счет-фактура (ПКМ № 489) – WIKI FAKTURA.pdf
2026-06-05 17:03:32,ru,ттн есть а счет -фактура изчезла товар маркерованый мне нужно сделать возврат срочно нужна фактура,"Мы понимаем, что у вас возникла проблема с пропажей счет-фактуры. **Что можно проверить:** В базе знаний описаны действия с уже созданными счет-фактурами. Если документ еще присутствует в системе, но вы его не видите, проверьте список ваших счет-фактур. При наличии счет-фактуры вы можете: * Просмотреть документ. * Скачать PDF-файл счета-фактуры, нажав на ссылку под его статусом. * Если документ найден, через кнопку «Действия» можно также его отредактировать, скопировать или удалить. **Если в базе нет точной инструкции — честно напиши это:** К сожалению, в нашей базе знаний нет конкретной инструкции о том, как найти или восстановить счет-фактуру, которая исчезла из системы или была удалена. Также нет информации, связывающей ТТН с исчезновением счет-фактуры, или инструкций по возврату маркированных товаров в контексте восстановления документов. **Источник / основание из базы, если возможно:** * Счет-фактура (ПКМ № 489) – WIKI FAKTURA.pdf (описание действий с созданным документом, включая просмотр, скачивание и редактирование)",Акт-сверки(Роуминг) – WIKI FAKTURA.pdf; Счет-фактура (ПКМ № 489) – WIKI FAKTURA.pdf
2026-06-05 17:04:38,ru,Столица Узбекистана,Краткий ответ: В предоставленной базе знаний нет информации о столице Узбекистана.,Счет-фактура (ПКМ № 489) – WIKI FAKTURA.pdf; Филиалы – WIKI FAKTURA.pdf; Подразделения – WIKI FAKTURA.pdf; Сотрудники – WIKI FAKTURA.pdf; Гибридная почта – WIKI FAKTURA.pdf
2026-06-08 11:02:29,ru,Какие типы документов есть в Faktura?,"Error in generating answer: 503 UNAVAILABLE. {'error': {'code': 503, 'message': 'This model is currently experiencing high demand. Spikes in demand are usually temporary. Please try again later.', 'status': 'UNAVAILABLE'}}",Маршрутизация документов – WIKI FAKTURA.pdf; Массовая рассылка – WIKI FAKTURA.pdf; Согласование документов – WIKI FAKTURA.pdf
2026-06-08 11:05:36,ru,Проверь ИНН 302563857,"Как AI-помощник, я не могу выполнить прямую проверку ИНН по номеру 302563857. Моя база знаний не содержит инструкций или функционала для осуществления такой операции. **Что можно проверить:** В данном случае, я не могу предложить конкретные шаги для проверки ИНН, так как эта функция не описана в моих инструкциях. **Если в базе нет точной инструкции — честно напиши это:** Действительно, в моей текущей базе знаний отсутствуют инструкции, как именно выполнить проверку ИНН по номеру.",Faktura API: CheckCompanyExist
2026-06-08 11:06:37,ru,Какие типы документов есть в Faktura,"Error in generating answer: 503 UNAVAILABLE. {'error': {'code': 503, 'message': 'This model is currently experiencing high demand. Spikes in demand are usually temporary. Please try again later.', 'status': 'UNAVAILABLE'}}",Маршрутизация документов – WIKI FAKTURA.pdf; Согласование документов – WIKI FAKTURA.pdf; Прикрепление файлов к документу – WIKI FAKTURA.pdf; Массовая рассылка – WIKI FAKTURA.pdf
2026-06-08 11:58:17,ru,Проверь ИНН 302563857,"Error in generating answer: 503 UNAVAILABLE. {'error': {'code': 503, 'message': 'This model is currently experiencing high demand. Spikes in demand are usually temporary. Please try again later.', 'status': 'UNAVAILABLE'}}",Faktura API: CheckCompanyExist
2026-06-08 12:01:27,ru,проверь инн 489043363,"Error in generating answer: 503 UNAVAILABLE. {'error': {'code': 503, 'message': 'This model is currently experiencing high demand. Spikes in demand are usually temporary. Please try again later.', 'status': 'UNAVAILABLE'}}",Faktura API: CheckCompanyExist
2026-06-08 12:03:35,ru,Какие типы документов есть в Faktura?,"Error in generating answer: 503 UNAVAILABLE. {'error': {'code': 503, 'message': 'This model is currently experiencing high demand. Spikes in demand are usually temporary. Please try again later.', 'status': 'UNAVAILABLE'}}",Faktura API: GetDocumentTypes
2026-06-08 12:04:43,ru,Как создать счет-фактуру,"Error in generating answer: 503 UNAVAILABLE. {'error': {'code': 503, 'message': 'This model is currently experiencing high demand. Spikes in demand are usually temporary. Please try again later.', 'status': 'UNAVAILABLE'}}",Счет-фактура акциз (ПКМ № 489) – WIKI FAKTURA.pdf; Счет-фактура ФАРМ(ПКМ № 489) – WIKI FAKTURA.pdf; Акт-сверки(Роуминг) – WIKI FAKTURA.pdf
2026-06-08 12:07:26,ru,Как создать счет-фактуру,"Error in generating answer: 503 UNAVAILABLE. {'error': {'code': 503, 'message': 'This model is currently experiencing high demand. Spikes in demand are usually temporary. Please try again later.', 'status': 'UNAVAILABLE'}}",Счет-фактура акциз (ПКМ № 489) – WIKI FAKTURA.pdf; Счет-фактура ФАРМ(ПКМ № 489) – WIKI FAKTURA.pdf; Акт-сверки(Роуминг) – WIKI FAKTURA.pdf
2026-06-08 12:51:07,ru,Какие типы документов есть в Faktura?,Error in generating answer: argument of type 'bool' is not iterable,Faktura API: GetDocumentTypes
2026-06-08 12:52:35,ru,Как войти в аккаунт,"Чтобы войти в аккаунт Faktura.uz, выполните следующие шаги: 1. Откройте веб-браузер и перейдите на сайт: https://faktura.uz. 2. На главной странице нажмите кнопку «Войти», которая расположена в правом верхнем углу. **Что можно проверить, если не получается войти:** * **Данные для входа:** Убедитесь, что правильно ввели номер телефона или адрес электронной почты, а также пароль. * **ЭЦП:** Если вход связан с Электронной цифровой подписью (ЭЦП), проверьте, доступен ли сертификат ЭЦП на вашем компьютере и корректно ли он работает через программу e-imzo. * **Для сотрудников:** Если вы являетесь сотрудником, проверьте, был ли вы добавлен администратором и активировали ли приглашение. **Если вы забыли пароль:** 1. На странице входа найдите ссылку «Забыли пароль?» или аналогичную. 2. Нажмите на нее и введите адрес электронной почты, связанный с вашим аккаунтом. 3. Проверьте свою электронную почту – туда будет отправлено письмо с инструкциями по восстановлению пароля. 4. Перейдите по ссылке из письма, чтобы создать новый пароль для вашего аккаунта. Если после всех этих действий доступ восстановить не удалось, вы можете обратиться в поддержку Faktura.uz по номеру: +998 71 200 00 13. **Источник / основание из базы:** * approved_case:manual_login_001 * Регистрация в системе Faktura.uz – WIKI FAKTURA.pdf",approved_case:manual_login_001; Регистрация в системе Faktura.uz – WIKI FAKTURA.pdf; Согласование документов – WIKI FAKTURA.pdf
2026-06-08 13:03:13,ru,проверь инн 489043363,Error in generating answer: argument of type 'bool' is not iterable,Faktura API: CheckCompanyExist
2026-06-08 14:24:43,ru,Как войти в аккаунт,"Чтобы войти в аккаунт Faktura.uz: **Краткий ответ** Откройте веб-браузер и перейдите на сайт https://faktura.uz. На главной странице нажмите кнопку «Войти», которая расположена в правом верхнем углу. После этого вам будет предложено ввести свои учетные данные (номер телефона или электронную почту и пароль) для входа. **Что можно проверить** Если у вас возникли трудности со входом, пожалуйста, проверьте следующее: * **Правильность введенных данных:** Убедитесь, что вы верно ввели номер телефона или электронную почту, а также пароль. * **ЭЦП:** Если ваш вход связан с использованием ЭЦП, проверьте, что сертификат ЭЦП доступен на вашем компьютере и корректно функционирует через e-imzo. * **Статус сотрудника:** Если вы являетесь сотрудником, уточните, был ли ваш аккаунт добавлен администратором и активировали ли вы приглашение. **Если в базе нет точной инструкции** Если после всех проверок войти не удается, и вам нужно сбросить пароль, точная инструкция по сбросу пароля доступна в базе знаний: 1. На странице входа в систему найдите и нажмите ссылку «Забыли пароль?» или аналогичную. 2. Введите адрес электронной почты, связанный с вашим аккаунтом, и отправьте запрос. 3. Проверьте свою почту — на указанный адрес будет отправлено письмо с инструкциями по восстановлению. Следуйте этим инструкциям. 4. Перейдя по ссылке из письма, вы сможете создать новый пароль для своего аккаунта. Если доступ восстановить не удалось, вы можете обратиться в поддержку Faktura.uz по телефону: +998 71 200 00 13. **Источник / основание из базы** * approved_case:manual_login_001 * Регистрация в системе Faktura.uz – WIKI FAKTURA.pdf",approved_case:manual_login_001; Регистрация в системе Faktura.uz – WIKI FAKTURA.pdf; Согласование документов – WIKI FAKTURA.pdf
2026-06-08 14:25:30,ru,Забыл пароль от аккаунта,"Если вы забыли пароль от аккаунта Faktura.uz, вы можете восстановить его, следуя этим шагам: **Краткий ответ** Для восстановления пароля используйте функцию ""Забыли пароль?"" на странице входа, введя свой email. **Что можно проверить** 1. На главной странице Faktura.uz нажмите кнопку «Войти» (расположена в правом верхнем углу). 2. На странице входа в систему найдите ссылку «Забыли пароль?» или аналогичную и нажмите на нее. 3. Вам будет предложено ввести адрес электронной почты, связанный с вашим аккаунтом. Введите его и отправьте запрос. 4. Проверьте свою почту: на указанный адрес будет отправлено письмо с инструкциями по восстановлению пароля. Следуйте этим инструкциям. 5. После перехода по ссылке из письма вы сможете создать новый пароль для вашего аккаунта. Если доступ восстановить не удалось, вы можете обратиться в поддержку Faktura.uz по номеру: +998 71 200 00 13. **Источник / основание из базы** SOURCE 1, SOURCE 2",approved_case:manual_login_001; Регистрация в системе Faktura.uz – WIKI FAKTURA.pdf; Согласование документов – WIKI FAKTURA.pdf
2026-06-08 14:26:35,ru,Как создать счет-фактуру,"Чтобы создать счет-фактуру: **Краткий ответ:** Вы можете создать счет-фактуру через ""Рабочий стол"" или боковое меню, выбрав соответствующий шаблон и заполнив необходимые данные. **Что можно проверить:** 1. **Начало создания:** Перейдите во вкладку ""Рабочий стол"" или откройте раздел ""Документы"" в боковом меню системы, затем выберите ""Создать документ"". 2. **Выбор шаблона:** Нажмите на кнопку ""Счет-фактура"" и выберите необходимый шаблон, например, ""Счет-фактура ФАРМ (ПКМ № 489)"" или ""Счет-фактура акциз (ПКМ № 489)"". 3. **Заполнение основных данных:** * Укажите номер и дату счета-фактуры, а также данные договора. * Проверьте тип счет-фактуры (по умолчанию ""Стандартный"", но его можно изменить). * В поле ""ИНН / ПИНФЛ покупателя"" укажите ИНН или название организации; остальные данные заполнятся автоматически. 4. **Заполнение табличной части:** * В поле ""ИКПУ и наименование товаров (работ, услуг)"" выберите нужный код. Если кода нет, его можно добавить в разделе ""Настройки"" -> ""ИКПУ коды"". * Заполните поле ""Описание товаров (работ, услуг)"". * Выберите единицу измерения. * Выберите происхождение товара (собственное производство, перепродажа, услуга, не участвую). Автоматический выбор можно настроить во вкладке ""Настройки"". * Чтобы добавить новую строку, нажмите на значок «+» или кнопку «Добавить ещё». 5. **Указание ответственных лиц:** * Укажите руководителя и главного бухгалтера организации. Их можно выбрать из списка добавленных сотрудников или ввести Ф.И.О. вручную. Автоматическое заполнение этих полей можно настроить в разделе «Настройки», затем в «Реестры». 6. **Сохранение:** Нажмите на кнопку «Создать документ» в правом нижнем углу для сохранения данных. Рядом расположена кнопка «Просмотр» для предварительного просмотра. **Источник / основание из базы:** * SOURCE 1: Счет-фактура акциз (ПКМ № 489) * SOURCE 2: Счет-фактура ФАРМ(ПКМ № 489) * SOURCE 3: Счет-фактура ФАРМ(ПКМ № 489) * SOURCE 5: Счет-фактура акциз (ПКМ № 489)",Счет-фактура акциз (ПКМ № 489) – WIKI FAKTURA.pdf; Счет-фактура ФАРМ(ПКМ № 489) – WIKI FAKTURA.pdf; Акт-сверки(Роуминг) – WIKI FAKTURA.pdf
2026-06-08 14:39:32,en,How to send document to counteragent,"To send a document to a counteragent, you can either send it directly after signing, or use the Hybrid Mail service. **What you can check:** 1. **For documents like invoices or contracts:** * After creating a document (e.g., an invoice or a contract), an window will open displaying the ready document. * In this window, you can sign the document using your EDS key. * After signing, you can then send the document to the buyer (counteragent). * *(Based on Source 1, Source 4)* 2. **Using Hybrid Mail:** * Fill in the ""Recipient (Full Name / Organization)"" and ""Recipient's address."" * Attach the document file (doc, docx, xls, xlsx, pdf, txt) that needs to be sent by clicking ""Choose file."" * Specify the ""Region and district"" of the recipient. * Click the ""Сохранить и отправить"" (Save and Send) button to complete the process and send the document. * *(Based on Source 2)*",Счет-фактура (ПКМ № 489) – WIKI FAKTURA.pdf; Гибридная почта – WIKI FAKTURA.pdf; Подразделения – WIKI FAKTURA.pdf; Договор(Роуминг) – WIKI FAKTURA.pdf; Согласование документов – WIKI FAKTURA.pdf
2026-06-08 14:40:59,ru,Как войти в аккаунт,"Для входа в аккаунт Faktura.uz выполните следующие действия: **Краткий ответ** 1. Откройте веб-браузер и перейдите на сайт: https://faktura.uz. 2. На главной странице нажмите кнопку «Войти» (она расположена в правом верхнем углу). 3. В открывшемся окне авторизации введите свои учетные данные (номер телефона или электронную почту и пароль) или используйте электронную цифровую подпись (ЭЦП), если вход связан с ней. **Что можно проверить (если возникли проблемы со входом)** Если у вас не получается войти в аккаунт, пожалуйста, проверьте следующее: * **Учетные данные:** Убедитесь, что вы правильно ввели номер телефона или адрес электронной почты, а также пароль. * **ЭЦП:** Если вы входите с помощью ЭЦП, проверьте, что ваш сертификат ЭЦП доступен на компьютере и корректно работает через программу e-imzo. * **Статус сотрудника:** Если вы являетесь сотрудником, уточните у администратора, был ли ваш аккаунт добавлен и активировали ли вы приглашение. **Как восстановить пароль (если вы его забыли)** Если вход не удается из-за забытого пароля: 1. На странице входа в систему найдите и нажмите ссылку «Забыли пароль?» или аналогичную. 2. Введите адрес электронной почты, который связан с вашим аккаунтом, и отправьте запрос. 3. Проверьте свою электронную почту. Вам придет письмо с инструкциями по восстановлению пароля. Следуйте этим инструкциям. 4. Перейдя по ссылке из письма, вы сможете создать новый пароль для своего аккаунта. Если доступ восстановить не удалось, вы можете обратиться в поддержку Faktura.uz по номеру: +998 71 200 00 13. **Источник / основание из базы:** * approved\_case:manual\_login\_001 * Регистрация в системе Faktura.uz – WIKI FAKTURA.pdf",approved_case:manual_login_001; Регистрация в системе Faktura.uz – WIKI FAKTURA.pdf; Согласование документов – WIKI FAKTURA.pdf
2026-06-08 14:41:42,ru,как настроить рассылку,"Чтобы настроить массовую рассылку в системе Faktura.uz, выполните следующие действия: **Краткий ответ:** Вы можете создать массовую рассылку через ""Рабочий стол"" или раздел ""Сообщения"" в боковом меню, затем указать название, загрузить документ и выбрать тип импорта контрагентов. Рассылка может быть в форматах внутреннего документа, гибридной почты, SMS или электронных писем. **Что можно проверить / Как настроить:** 1. **Доступ к функции:** В системе Faktura.uz перейдите на вкладку ""Рабочий стол"" или откройте раздел ""Сообщения"" в боковом меню и выберите ""Массовая рассылка"". 2. **Формат рассылки:** Определите, в каком виде вы хотите отправить рассылку: * **Внутренний документ:** Выберите формат ""Документ"". Откроется окно, где вы сможете загрузить необходимый файл. * **Гибридная почта:** (Отправка документов как в электронном, так и в бумажном виде). * **SMS-сообщения.** * **Электронные письма:** Направляются непосредственно на электронный адрес контрагента. 3. **Шаги по отправке (для внутреннего документа):** * Укажите название рассылки для удобной идентификации. * Загрузите необходимый документ с вашего компьютера. Поддерживаемые форматы: DOC, DOCX, XLS, XLSX, PDF, TXT, HTML. * Выберите тип импорта контрагентов, например, ""Моим контрагентам"". **Источник / основание из базы:** * SOURCE 5: ""Рассылку в системе Faktura.uz можно создать во вкладке “Рабочий стол” или через боковое меню системы, открыв раздел “Сообщения” (Массовая рассылка)."" * SOURCE 1: ""Рассылку можно осуществить в различных форматах: в виде внутреннего документа, гибридной почты, SMS-сообщений, а также электронных писем..."", ""Для формирования рассылки в виде внутреннего документа... необходимо выбрать формат рассылки “Документ”... Откроется окно, в котором вы сможете загрузить необходимый файл..."", ""Для отправки рассылки выполните следующие шаги: 1. Укажите название рассылки... 2. Загрузите необходимый документ... Поддерживаемые форматы: DOC, DOCX, XLS, XLSX, PDF, TXT, HTML. 3. Выберите тип импорта контрагентов: – “Моим контрагентам” — рассылка"" * SOURCE 2: Описание создания гибридной почты (перейдите в раздел ""Документы"" - ""Гибридная почта"", нажмите ""Создать гибридную почту"").",Массовая рассылка – WIKI FAKTURA.pdf; Гибридная почта – WIKI FAKTURA.pdf; Оповещение – WIKI FAKTURA.pdf
2026-06-08 14:42:33,uz,Xodimni qanday qo'shish kerak,"Hozirgi bilimlar bazasida xodimni qanday qo'shish bo'yicha aniq ko'rsatma mavjud emas. **Nima qilish mumkin:** Ma'lumotlar bazasida ""Sotrudniki"" (Xodimlar) bo'limi mavjud, ammo xodim qo'shish uchun batafsil qadamlar keltirilmagan. Agar sizga ushbu masala bo'yicha yordam kerak bo'lsa, Faktura.uz qo'llab-quvvatlash xizmati bilan bog'lanishingiz mumkin. **Manba:** ""Sotrudniki – WIKI FAKTURA.pdf"" faylida xodimlar haqida umumiy ma'lumotlar bor, ammo qo'shish jarayoni batafsil yoritilmagan. Qo'llab-quvvatlash xizmati telefon raqami: +998 71 200 00 13.",Счет-фактура акциз (ПКМ № 489) – WIKI FAKTURA.pdf; Подразделения – WIKI FAKTURA.pdf; Гибридная почта – WIKI FAKTURA.pdf; Акт-сверки(Роуминг) – WIKI FAKTURA.pdf; Сотрудники – WIKI FAKTURA.pdf
2026-06-08 14:44:52,en,How to send document to counteragent,"To send a document to a counteragent, you generally follow these steps: **Brief Answer:** You can send documents to a counteragent after they are ready and signed, or by using the Hybrid Mail service. **What you can check:** * **For documents like Invoices or Contracts:** 1. Once your document (e.g., an invoice or contract) is ready and open, you will have the option to view it. 2. You can then sign the document using your EDS (Electronic Digital Signature) key. 3. After signing, you can send the document to the buyer/recipient. * **For sending documents via Hybrid Mail:** 1. Attach the document file (doc, docx, xls, xlsx, pdf, txt) that you need to send. 2. Specify the recipient's details, including their Full Name/Organization, Address, Region, and District. 3. Click the ""Save and send"" button to complete the process and send the document. **Source / Basis from the database:** * Source 1: ""Счет-фактура (ПКМ № 489) – WIKI FAKTURA.pdf"" * Source 2: ""Гибридная почта – WIKI FAKTURA.pdf"" * Source 4: ""Договор(Роуминг) – WIKI FAKTURA.pdf""",Счет-фактура (ПКМ № 489) – WIKI FAKTURA.pdf; Гибридная почта – WIKI FAKTURA.pdf; Подразделения – WIKI FAKTURA.pdf; Договор(Роуминг) – WIKI FAKTURA.pdf; Согласование документов – WIKI FAKTURA.pdf
2026-06-08 14:54:41,ru,как создать сравнительный акт,"Краткий ответ: Для создания сравнительного акта (акта сверки) в системе Faktura.uz необходимо использовать вкладку ""Рабочий стол"" или раздел ""Документы"". Что можно проверить: 1. **Создание документа:** * Перейдите во вкладку ""Рабочий стол"". * Или через боковое меню системы откройте раздел ""Документы"" и выберите ""Создать документ"". 2. **Заполнение полей в редакторе акта сверки:** * Укажите номер и дату акта сверки. * Введите ИНН/ПИНФЛ партнера (название организации и ФИО директора заполнятся автоматически). * В разделе ""Описание"" название организации и ФИО директора также будут заполнены автоматически. * Заполните таблицу акта сверки, которая делится на два раздела: ""По данным Организации отправителя, сум"" и ""По данным Организации получателя, сум"". * Поля ""Итого по договору"", ""Сальдо конечное по договору"", ""Обороты за период"" и ""Сальдо конечное"" заполняются автоматически на основе введенных данных. Если требуется ручной ввод, нажмите кнопку ""Ручное вычисление"". * Для добавления новой строки в таблицу используйте кнопку «Добавить новую строку», для удаления — кнопку «Х» в нужной строке. Источник / основание из базы: SOURCE 1, SOURCE 2, SOURCE 5 (Акт-сверки(Роуминг) – WIKI FAKTURA.pdf)",Акт-сверки(Роуминг) – WIKI FAKTURA.pdf; Согласование документов – WIKI FAKTURA.pdf
2026-06-08 15:04:52,uz,Hisobga kirishda raqamli imzoni tanlash imkoniyati ko'rinmaydi.,"Faktura.uz ma'lumotlar bazasida tizimga kirishda raqamli imzo (ЭЦП) tanlash imkoniyati ko'rinmayotgani bo'yicha aniq ko'rsatma mavjud emas. Shu sababli, ushbu holatda nimalarni tekshirish yoki qanday harakat qilish bo'yicha amaliy tavsiyalar bera olmayman, chunki buning uchun kerakli ma'lumotlar bazamizda topilmadi.",Акт-сверки(Роуминг) – WIKI FAKTURA.pdf; Счет-фактура ФАРМ(ПКМ № 489) – WIKI FAKTURA.pdf; Товарно-транспортная накладная – WIKI FAKTURA.pdf; Оповещение – WIKI FAKTURA.pdf
2026-06-08 15:10:16,ru,как отправить счет фактуру контрагенту,"Чтобы отправить счет-фактуру контрагенту: **Краткий ответ:** После того как счет-фактура создан и готов, его можно подписать электронной цифровой подписью (ЭЦП) и отправить покупателю. **Что можно проверить:** 1. Убедитесь, что счет-фактура готов и открыт в окне просмотра. 2. Найдите опцию для подписания документа ЭЦП ключом. 3. После подписания, используйте соответствующую кнопку для отправки документа покупателю. **Источник / основание из базы:** SOURCE 3: ""В этом окне [с готовым документом], вы можете просмотреть документ, отправить на Согласование, подписать (ЭЦП ключом) и отправить документ покупателю.""",Акт-сверки(Роуминг) – WIKI FAKTURA.pdf; Согласование документов – WIKI FAKTURA.pdf; Счет-фактура (ПКМ № 489) – WIKI FAKTURA.pdf; Счет-фактура ФАРМ(ПКМ № 489) – WIKI FAKTURA.pdf; Подразделения – WIKI FAKTURA.pdf
2026-06-08 15:11:32,ru,Как создать счет-фактуру,"AI-модель временно недоступна из-за высокой нагрузки. Пожалуйста, попробуйте повторить запрос позже.",Счет-фактура акциз (ПКМ № 489) – WIKI FAKTURA.pdf; Счет-фактура ФАРМ(ПКМ № 489) – WIKI FAKTURA.pdf; Акт-сверки(Роуминг) – WIKI FAKTURA.pdf
2026-06-08 15:24:21,ru,не могу добавить номер для рассылки?,"К сожалению, в предоставленных инструкциях нет подробной информации о том, как добавить отдельный номер телефона для массовой рассылки. **Что можно проверить на основе доступной информации:** * Система Faktura.uz поддерживает массовую рассылку в виде SMS-сообщений. * При формировании рассылки предлагается выбрать тип импорта контрагентов, например, ""Моим контрагентам"". Это означает, что рассылка может быть отправлена контактам, которые уже есть в вашей базе. **Если в базе нет точной инструкции:** В базе знаний отсутствует точная инструкция по добавлению нового, индивидуального номера телефона, который не является вашим контрагентом, непосредственно для рассылки. **Источник / основание из базы:** * Массовая рассылка – WIKI FAKTURA.pdf (Source 1)",Массовая рассылка – WIKI FAKTURA.pdf; Регистрация в системе Faktura.uz – WIKI FAKTURA.pdf; Счет-фактура (ПКМ № 489) – WIKI FAKTURA.pdf; Доверенность(Роуминг) – WIKI FAKTURA.pdf
2026-06-08 16:27:05,uz,k,"AI model hozircha yuqori yuklama sababli vaqtincha mavjud emas. Iltimos, birozdan keyin qayta urinib ko‘ring.",Оповещение – WIKI FAKTURA.pdf; Гибридная почта – WIKI FAKTURA.pdf; Маршрутизация документов – WIKI FAKTURA.pdf; Массовая рассылка – WIKI FAKTURA.pdf
2026-06-08 16:27:52,uz,как создать ТТН,"TTN (Tovarno-transportnaya nakladnaya) yaratish uchun quyidagi amallarni bajaring: **Qisqa javob:** Faktura.uz tizimida TTN yaratish uchun bosh sahifadagi ""TTN"" tugmasini bosing yoki yon menyudagi ""Hujjatlar"" bo'limini ochib, so'ng ""Hujjat yaratish""ni tanlang va ro'yxatdan TTNni tanlang. **Nima qilish mumkin:** 1. **Kirish:** Tizimning bosh sahifasida ""TTN"" tugmasini bosing. Yoki yon menyudagi ""Hujjatlar"" bo'limini oching, so'ng ""Hujjat yaratish"" tugmasini bosing va ro'yxatdan ""TTN""ni tanlang. 2. **Shablonni tanlash:** ""TTN shabloni (yangi)""ni tanlang. Shablonni tanlagandan so'ng, TTN yaratish uchun redaktor ochiladi. 3. **Maydonlarni to'ldirish:** Redaktorda quyidagi maydonlarni to'ldirish kerak: * Tovarno-transportnaya nakladnayaning raqami va sanasi; * Shartnoma raqami va sanasi; * Tashish turini tanlash: * Ombordan omborga: bitta tashkilotning omborlari orasida tovarlarni tashish. * Sotuvchidan xaridorga: sotuvchidan xaridorga tovarlarni tashish. * Qayta ishlash / saqlash: keyinchalik qayta ishlash yoki vaqtincha saqlash uchun korxonaga tovarlarni tashish. * Yuk qabul qiluvchining INNini ko'rsating; * Ekspeditorni tanlang. 4. **Saqlash:** Ma'lumotlarni saqlash va TTNni yaratish uchun o'ng pastki burchakdagi ""Saqlash"" tugmasini bosing. **Manba / asos:** * SOURCE 1: Товарно-транспортная накладная – WIKI FAKTURA.pdf (1-sahifa) * SOURCE 2: Товарно-транспортная накладная – WIKI FAKTURA.pdf (2-sahifa) * SOURCE 3: Товарно-транспортная накладная – WIKI FAKTURA.pdf (6-sahifa)",Товарно-транспортная накладная – WIKI FAKTURA.pdf; Счет-фактура (ПКМ № 489) – WIKI FAKTURA.pdf; Оповещение – WIKI FAKTURA.pdf
2026-06-08 16:30:23,en,как создатьТТН,"To create a Waybill (ТТН) in Faktura.uz, follow these steps: **Brief Answer:** You can create a Waybill by navigating to the ""TTN"" button on the main page or through the ""Documents"" section, then filling out the required fields in the editor. **What you can check:** 1. **Start Creation:** * On the system's main page, click the ""ТТН"" button. * Alternatively, open the ""Documents"" section in the side menu, then select ""Create document"" and choose ""ТТН"" from the list. 2. **Select Template:** * Choose the ""ТТН (new)"" template. 3. **Fill in Details:** * In the Waybill editor, you need to fill in the following fields: * Waybill number and date. * Contract number and date. * Type of transportation (e.g., ""From warehouse to warehouse"", ""From seller to buyer"", ""Processing / storage""). * Consignee's TIN (ИНН Грузополучателя). * Freight Forwarder (Экспедитор). 4. **Save:** * To save the data and create the Waybill, click the ""Save"" button in the lower right corner. **Source / Basis:** * SOURCE 2, Page 1, ""На главной странице системы нажмите на кнопку « ТТН » или откройте раздел « Документы » в боковом меню системы затем « Создать документ » и выберите из списка ТТН ."" * SOURCE 2, Page 2, ""Выберите шаблон ТТН ( новая )."" * SOURCE 1, Page 2, ""В редакторе ТТН необходимо заполнить следующие поля: 1. Номер и дату товарно - транспортной накладной; 2. Номер и дату договора; 3. Выбор типа перевозки; 4. Укажите ИНН Грузополучателя; 5. Выбор Экспедитора."" * SOURCE 3, Page 6, ""Для сохранения данных и создания ТТН нажмите на кнопку « Сохранить » в правом нижнем углу .""",Товарно-транспортная накладная – WIKI FAKTURA.pdf; Счет-фактура (ПКМ № 489) – WIKI FAKTURA.pdf; Оповещение – WIKI FAKTURA.pdf
2026-06-08 16:37:33,ru,как создать ТТН,"AI-модель временно недоступна из-за высокой нагрузки. Пожалуйста, попробуйте повторить запрос позже.",Товарно-транспортная накладная – WIKI FAKTURA.pdf; Счет-фактура (ПКМ № 489) – WIKI FAKTURA.pdf; Оповещение – WIKI FAKTURA.pdf
2026-06-08 16:47:04,uz,🇬🇧 English,"AI model hozircha yuqori yuklama sababli vaqtincha mavjud emas. Iltimos, birozdan keyin qayta urinib ko‘ring.",Подразделения – WIKI FAKTURA.pdf; Счет-фактура акциз (ПКМ № 489) – WIKI FAKTURA.pdf; Сотрудники – WIKI FAKTURA.pdf; Односторонний электронный счет-фактура – WIKI FAKTURA.pdf; Согласование документов – WIKI FAKTURA.pdf
2026-06-08 17:18:31,ru,https://t.me/fakturauz,"Это ссылка на официальный Telegram-канал Faktura.uz. Что можно проверить: Это одна из социальных сетей Faktura.uz, где обычно публикуются новости, обновления или предоставляется поддержка. Источник / основание из базы: Данная ссылка указана в разделе ""Социальные сети"" в нескольких документах базы знаний Faktura.uz, например, в ""Счет-фактура акциз (ПКМ № 489) – WIKI FAKTURA.pdf"" и ""Филиалы – WIKI FAKTURA.pdf"".",Счет-фактура акциз (ПКМ № 489) – WIKI FAKTURA.pdf; Односторонний электронный счет-фактура – WIKI FAKTURA.pdf; Подразделения – WIKI FAKTURA.pdf; Филиалы – WIKI FAKTURA.pdf; Счет-фактура ФАРМ(ПКМ № 489) – WIKI FAKTURA.pdf
2026-06-09 10:14:59,ru,Проверь ИНН 489043363,Error in generating answer: argument of type 'bool' is not iterable,Faktura API: CheckCompanyExist
2026-06-09 13:29:54,ru,Какие типы документов есть в Faktura?,Error in generating answer: argument of type 'bool' is not iterable,Faktura API: GetDocumentTypes
2026-06-09 13:40:03,ru,Как создать ТТН,"AI-модель временно недоступна из-за высокой нагрузки. Пожалуйста, попробуйте повторить запрос позже.",Товарно-транспортная накладная – WIKI FAKTURA.pdf; Счет-фактура (ПКМ № 489) – WIKI FAKTURA.pdf; Оповещение – WIKI FAKTURA.pdf
2026-06-09 13:41:29,ru,как создать ТТН,"AI-модель временно недоступна из-за высокой нагрузки. Пожалуйста, попробуйте повторить запрос позже.",Товарно-транспортная накладная – WIKI FAKTURA.pdf; Счет-фактура (ПКМ № 489) – WIKI FAKTURA.pdf; Оповещение – WIKI FAKTURA.pdf
2026-06-09 13:44:25,ru,как войти в аккаунт,"Чтобы войти в аккаунт Faktura.uz, выполните следующие шаги: **Как войти:** 1. Откройте веб-браузер и перейдите на сайт https://faktura.uz. 2. На главной странице нажмите кнопку «Войти» (расположена в правом верхнем углу). **Что можно проверить, если возникли проблемы со входом:** Если не получается войти, проверьте следующее: * **Данные для входа:** Убедитесь, что правильно ввели номер телефона или адрес электронной почты, а также пароль. * **ЭЦП (если используется):** Если вход связан с ЭЦП, проверьте, что сертификат ЭЦП доступен на вашем компьютере и корректно работает через e-imzo. * **Статус сотрудника:** Если вы являетесь сотрудником, уточните, был ли ваш аккаунт добавлен администратором и активировали ли вы приглашение. **Что делать, если забыли пароль:** Если вышеперечисленные шаги не помогли, и вы подозреваете, что забыли пароль, вы можете его сбросить: 1. На странице входа в систему найдите ссылку «Забыли пароль?» или аналогичную. Нажмите на нее. 2. Вам будет предложено ввести адрес электронной почты, связанный с вашим аккаунтом. Введите его и отправьте запрос. 3. Проверьте указанный адрес электронной почты. На него придет письмо с инструкциями по восстановлению пароля. Следуйте этим инструкциям. 4. После перехода по ссылке из письма вы сможете создать новый пароль для вашего аккаунта. Если доступ восстановить не удалось, обратитесь в поддержку Faktura.uz по телефону +998 71 200 00 13. **Источник / основание:** * approved_case:manual_login_001 * Регистрация в системе Faktura.uz – WIKI FAKTURA.pdf",approved_case:manual_login_001; Регистрация в системе Faktura.uz – WIKI FAKTURA.pdf; Согласование документов – WIKI FAKTURA.pdf
2026-06-09 13:44:52,ru,как создать счет-фактуру,"Для создания счет-фактуры в системе Faktura.uz выполните следующие шаги: **Краткий ответ** Создать счет-фактуру можно через вкладку ""Рабочий стол"" или через боковое меню системы, выбрав раздел ""Документы"" и соответствующий шаблон. После этого необходимо заполнить все обязательные поля, включая данные о покупателе, товарах/услугах, ответственных лицах, и сохранить документ. **Что можно проверить** 1. **Начало создания:** * Перейдите во вкладку **""Рабочий стол""** или * Откройте раздел **""Документы""** в боковом меню системы, затем выберите **""Создать документ""**. * После нажатия на кнопку **""Счет-фактура""**, выберите необходимый шаблон, например, **""Счет-фактура ФАРМ (ПКМ № 489)""**. 2. **Заполнение основных данных:** * Укажите **номер и дату счета-фактуры**, а также **данные договора**. * По умолчанию тип счета-фактуры установлен как ""Стандартный"". Чтобы выбрать другой тип, нажмите на установленный по умолчанию вариант, после чего откроется список доступных типов. 3. **Реквизиты покупателя:** * В поле **""ИНН / ПИНФЛ покупателя""** введите ИНН или название организации. Остальные данные система заполнит автоматически. 4. **Заполнение табличной части:** * В поле **""ИКПУ и наименование товаров (работ, услуг)""** выберите необходимый идентификационный код товара (услуги). Если нужный код не отобразился, перейдите в раздел **""Настройки""**, затем в **""ИКПУ коды""** и добавьте его. * Заполните поле **""Описание товаров (работ, услуг)""**. * Выберите **единицу измерения товара (услуги)**. * Выберите **происхождение товара** из списка (собственное производство, перепродажа, услуга, не участвую). Автоматический выбор происхождения можно настроить во вкладке **""Настройки""**. * Чтобы добавить дополнительную строку в таблицу, нажмите на значок **«+»** или на кнопку **«Добавить ещё»**. 5. **Указание ответственных лиц:** * После заполнения табличной части необходимо указать **руководителя и главного бухгалтера** организации. Их можно выбрать из списка добавленных сотрудников или ввести Ф. И. О. вручную. Автоматическое заполнение этих полей можно настроить в разделе **«Настройки»**, затем в **«Реестры»**. 6. **Сохранение документа:** * Для сохранения данных и создания счета-фактуры нажмите на кнопку **«Создать документ»** в правом нижнем углу. * Кнопка **«Просмотр»**, расположенная рядом, позволяет увидеть, как будет выглядеть ваш документ после создания. **Источник / основание из базы:** SOURCE 1, SOURCE 2, SOURCE 3, SOURCE 5.",Счет-фактура акциз (ПКМ № 489) – WIKI FAKTURA.pdf; Счет-фактура ФАРМ(ПКМ № 489) – WIKI FAKTURA.pdf; Акт-сверки(Роуминг) – WIKI FAKTURA.pdf
2026-06-09 13:47:26,ru,как создать акт сверки,"Для создания акта сверки в системе Faktura.uz, следуйте этим шагам: **Краткий ответ:** Акт сверки можно создать через ""Рабочий стол"" или боковое меню в разделе ""Документы"", выбрав ""Создать документ"". После этого откроется редактор, где нужно будет заполнить обязательные поля и данные таблицы. **Что можно проверить:** 1. **Начало создания:** Перейдите на вкладку ""Рабочий стол"" или откройте боковое меню системы. 2. **Раздел документов:** Выберите раздел ""Документы"", а затем пункт ""Создать документ"". 3. **Заполнение полей:** В открывшемся редакторе акта сверки необходимо заполнить: * Номер и дату акта сверки. * ИНН / ПИНФЛ партнера (название организации и ФИО директора заполнятся автоматически). * В разделе ""Описание"" название организации и ФИО директора также заполнятся автоматически. 4. **Таблица акта сверки:** Таблица разделена на две части: ""По данным Организации отправителя, сум"" и ""По данным Организации получателя, сум"". * Поля ""Итого по договору"", ""Сальдо конечное по договору"", ""Обороты за период"" и ""Сальдо конечное"" заполняются автоматически. При необходимости ручного ввода нажмите кнопку ""Ручное вычисление"". * Чтобы добавить новую строку, нажмите кнопку «Добавить новую строку». Для удаления строки используйте кнопку « » в нужной строке. 5. **Несколько договоров:** Если акт сверки по нескольким договорам, вы можете добавить отдельную таблицу для каждого договора, нажав кнопку «Добавить новую таблицу». 6. **Сохранение:** После заполнения всех данных, нажмите кнопку ""Сохранить"" в правом нижнем углу экрана. **Источник / основание из базы:** * SOURCE 1, 4 (как создать акт сверки, поля для заполнения) * SOURCE 2 (разделы таблицы, ручное вычисление, добавление/удаление строк) * SOURCE 5 (добавление таблицы для нескольких договоров, сохранение документа)",Акт-сверки(Роуминг) – WIKI FAKTURA.pdf; Согласование документов – WIKI FAKTURA.pdf
2026-06-09 14:19:18,ru,как создать гибридную почту,"Чтобы создать гибридную почту, выполните следующие шаги: **Краткий ответ** 1. Перейдите в раздел ""Документы"" и выберите ""Гибридная почта"". 2. Нажмите ""Создать гибридную почту"". 3. Заполните поля ""Получатель"", ""Адрес получателя"" и прикрепите документ. **Что можно проверить** * Убедитесь, что вы находитесь в боковом меню системы. * Проверьте, что вы заполнили все необходимые поля: ФИО/Организация получателя, адрес получателя и прикрепили нужный файл. **Источник / основание из базы** * SOURCE 1: Гибридная почта – WIKI FAKTURA.pdf, раздел ""Создание гибридной почты"".",Гибридная почта – WIKI FAKTURA.pdf; Массовая рассылка – WIKI FAKTURA.pdf
2026-06-09 14:19:56,ru,как создать транспортную накладную,"Чтобы создать товарно-транспортную накладную (ТТН), следуйте этим шагам: **Краткий ответ:** Создание ТТН включает заполнение данных о транспорте, адресах погрузки и доставки, информации о водителе и ответственном лице, а также сведений о перевозимом грузе. **Что можно проверить:** 1. **Данные транспорта:** * В разделе ""Данные транспорта"" выберите тип ""Грузоперевозка"". * Если автомобиль в лизинге, введите ИНН или ПИНФЛ владельца в строке ""Другие владельцы автомобилей"" для автоматического отображения сведений о транспорте. * Укажите государственный номер и модель автомобиля. 2. **Участники перевозки (если применимо):** * Укажите ИНН Грузополучателя. * Выберите Экспедитора (необязательно). * Выберите Грузоперевозчика. * Выберите Клиента (необязательно). * Выберите Заказчика (необязательно). * Укажите ИНН/ПИНФЛ ""Водителя"" и ""Ответственного лица, доставляющего груз"". 3. **Адреса:** * Выберите область и район, затем заполните поля ""Улица"" и ""Дом"" для адресов погрузки и доставки. * Укажите данные долготы и широты. 4. **Сведения о грузе:** * Заполните табличную часть ТТН, выбирая ""ИКПУ и наименование товаров (работ, услуг)"". * Укажите ""Общее расстояние (км)"" и ""Цена за 1 км"". ""Общая цена"" рассчитается автоматически. * Если груз отправляется на несколько адресов, используйте кнопку ""Добавить груз"" для каждого дополнительного адреса и детализируйте информацию о грузе для каждого из них. 5. **Сохранение:** * Для сохранения данных и создания ТТН нажмите кнопку ""Сохранить"" в правом нижнем углу. **Источник / основание из базы:** * SOURCE 1, SOURCE 2, SOURCE 4, SOURCE 5 (Товарно-транспортная накладная – WIKI FAKTURA.pdf)",Товарно-транспортная накладная – WIKI FAKTURA.pdf; Согласование документов – WIKI FAKTURA.pdf
2026-06-09 14:22:11,ru,во время входа не появляется выбор ЭЦП,"Возможно, проблема связана с доступностью или работой вашего сертификата ЭЦП. **Что можно проверить:** 1. Убедитесь, что ваш сертификат ЭЦП доступен на компьютере. 2. Проверьте, корректно ли работает программа e-imzo, так как через нее происходит взаимодействие с ЭЦП. **Основание:** SOURCE 1 (manual\_login\_001)",approved_case:manual_login_001; Согласование документов – WIKI FAKTURA.pdf; Регистрация в системе Faktura.uz – WIKI FAKTURA.pdf; Выбор оператора электронного документооборота – WIKI FAKTURA.pdf
2026-06-09 16:44:08,ru,"Ошибка 'Sorry, no matching options' при выборе ЭЦП ключа на странице регистрации Faktura.uz. Что делать, если не найдены сертификаты ЭРИ?","AI-модель временно недоступна из-за высокой нагрузки. Пожалуйста, попробуйте повторить запрос позже.",approved_case:manual_login_001; Регистрация в системе Faktura.uz – WIKI FAKTURA.pdf; Доверенность(Роуминг) – WIKI FAKTURA.pdf; Согласование документов – WIKI FAKTURA.pdf
2026-06-09 16:51:06,ru,Проблема с выбором ЭРИ ключа при регистрации на Faktura.uz. Не найдено ни одного сертификата при регистрации.,"Краткий ответ: Если при регистрации в системе Faktura.uz не найдено ни одного сертификата ЭЦП, это может быть связано с тем, что система не видит ваш ЭЦП-ключ на компьютере. Что можно проверить: 1. **Доступность ЭЦП:** Убедитесь, что ваш сертификат ЭЦП доступен на компьютере и корректно работает через программу e-imzo (для взаимодействия с ЭЦП). 2. **Повторите шаг регистрации:** Во время ""Шага 5: Выбор ЭЦП и установка пароля"" система должна предложить выбрать сертификат ЭЦП. Если вы не видите его, возможно, есть проблема с обнаружением ключа. Если в базе нет точной инструкции: В предоставленной базе знаний нет отдельной инструкции по устранению неполадок, если система не обнаруживает ЭЦП-ключи, кроме общего указания на их доступность и работу через e-imzo. Источник / основание из базы: * ""Шаг 5: Выбор ЭЦП и установка пароля... После подтверждения контактных данных система предложит выбрать сертификат электронной цифровой подписи (ЭЦП). Выберите нужный сертификат организации или физического лица с вашего компьютера."" (SOURCE 4) * ""Если вход связан с ЭЦП, убедитесь, что сертификат ЭЦП доступен на компьютере и корректно работает через e-imzo."" (SOURCE 2)",Регистрация в системе Faktura.uz – WIKI FAKTURA.pdf; approved_case:manual_login_001; Доверенность(Роуминг) – WIKI FAKTURA.pdf
2026-06-09 16:51:35,ru,Почему система не видит ключи ЭЦП при входе? Как решить проблему с отсутствием ЭЦП?,"Если система Faktura.uz не видит ключи ЭЦП при входе, это может быть связано с несколькими факторами, которые требуют проверки. **Что можно проверить:** 1. **Доступность ЭЦП на компьютере:** Убедитесь, что ваш сертификат ЭЦП доступен на компьютере, с которого вы пытаетесь войти в систему. 2. **Работа e-imzo:** Проверьте, корректно ли работает программа e-imzo на вашем компьютере. Система Faktura.uz взаимодействует с ЭЦП через e-imzo. 3. **Выбор сертификата:** Во время процесса регистрации или входа, система предлагает выбрать нужный сертификат ЭЦП с вашего компьютера. Важно, чтобы сертификат был распознан и выбран. 4. **Для сотрудников:** Если вы входите как сотрудник, убедитесь, что вы были добавлены администратором и активировали приглашение. **Если в базе нет точной инструкции:** В базе знаний нет пошаговой инструкции по устранению неполадок с программой e-imzo, если она не работает корректно. **Источник / основание из базы:** * approved_case:manual_login_001 * Регистрация в системе Faktura.uz – WIKI FAKTURA.pdf",approved_case:manual_login_001; Согласование документов – WIKI FAKTURA.pdf; Регистрация в системе Faktura.uz – WIKI FAKTURA.pdf; Доверенность(Роуминг) – WIKI FAKTURA.pdf
2026-06-09 16:52:33,ru,Не отображается ключ ЭЦП при входе в систему Faktura.uz,"Краткий ответ: Если ключ ЭЦП не отображается при входе в систему Faktura.uz, это может быть связано с его доступностью или корректной работой на вашем компьютере. Что можно проверить: * Убедитесь, что сертификат ЭЦП доступен на вашем компьютере. * Проверьте, корректно ли работает ваш сертификат ЭЦП через программу e-imzo. * Убедитесь, что вы прошли регистрацию в системе Faktura.uz с использованием этого сертификата ЭЦП, так как для входа в личный кабинет необходимо иметь сертификат ЭЦП и быть зарегистрированным. Источник / основание из базы: * approved_case:manual_login_001 * Доверенность(Роуминг) – WIKI FAKTURA.pdf",approved_case:manual_login_001; Регистрация в системе Faktura.uz – WIKI FAKTURA.pdf; Доверенность(Роуминг) – WIKI FAKTURA.pdf; Согласование документов – WIKI FAKTURA.pdf
2026-06-09 23:15:11,ru,Какие есть типы документов в Faktura.uz,"В Faktura доступны следующие типы документов: 1. Договор — code: Contract, id: 1 2. Счёт-фактура — code: Invoice, id: 2 3. Оферта — code: Offer, id: 3 4. Отчёт по транзакциям — code: TransactionReport, id: 4 5. Акт и счёт фактура — code: ActInvoice, id: 5 6. Счет на оплату — code: PrepaymentInvoice, id: 6 7. Материальный отчет — code: MaterialReport, id: 8 8. Акт на штрафные санкции — code: Penalty, id: 14 9. Доверенность — code: PowerOfAttorney, id: 20 10. Платежное поручение — code: PaymentOrder, id: 22 11. Справка — code: Reference, id: 23 12. Динамический — code: Dynamic, id: 24 13. Фарм Счёт-фактура — code: FarmInvoice, id: 25 14. Рабочий лист — code: MotoAct, id: 26 15. Акт — code: Act, id: 27 16. Счет-фактура (ПКМ №489) — code: UniversalInvoice, id: 28 17. Акт и счет-фактура (ПКМ №489) — code: UniversalActInvoice, id: 29 18. Накладная — code: Waybill, id: 30 19. Акт сверки — code: VerificationAct, id: 31 20. Договор 2020 — code: ContractRoaming, id: 32 21. 1C Оферта — code: OneCOffer, id: 33 22. Скан документ — code: ScanDocument, id: 34 23. Акт внутри Фактура — code: ActInternal, id: 35 24. Массовая рассылка — code: MailingDocument, id: 36 25. Письмо (НК) — code: LetterRoaming, id: 37",Faktura API: GetDocumentTypes
2026-06-09 23:15:41,ru,Проверь инн 123456789,Компания с ИНН 123456789 зарегистрирована в Faktura.uz.,Faktura API: CheckCompanyExist/123456789
2026-06-10 08:25:10,ru,проверь ИНН 489043363,Проверили ИНН 489043363. Компания с ИНН 489043363 зарегистрирована в Faktura.uz.,Faktura API: CheckCompanyExist/489043363
2026-06-10 14:01:48,ru,"Для создания счет-фактуры в системе Faktura.uz выполните следующие шаги: Краткий ответ Создать счет-фактуру можно через вкладку ""Рабочий стол"" или через боковое меню системы, выбрав раздел ""Документы"" и соответствующий шаблон. После этого необходимо заполнить все обязательные поля, включая данные о покупателе, товарах/услугах, ответственных лицах, и сохранить документ. Что можно проверить 1. Начало создания: * Перейдите во вкладку ""Рабочий стол"" или * Откройте раздел ""Документы"" в боковом меню системы, затем выберите ""Создать документ"". * После нажатия на кнопку ""Счет-фактура"", выберите необходимый шаблон, например, ""Счет-фактура ФАРМ (ПКМ № 489)"". 2. Заполнение основных данных: * Укажите номер и дату счета-фактуры, а также данные договора. * По умолчанию тип счета-фактуры установлен как ""Стандартный"". Чтобы выбрать другой тип, нажмите на установленный по умолчанию вариант, после чего откроется список доступных типов. 3. Реквизиты покупателя: * В поле ""ИНН / ПИНФЛ покупателя"" введите ИНН или название организации. Остальные данные система заполнит автоматически. 4. Заполнение табличной части: * В поле ""ИКПУ и наименование товаров (работ, услуг)"" выберите необходимый идентификационный код товара (услуги). Если нужный код не отобразился, перейдите в раздел ""Настройки"", затем в ""ИКПУ коды"" и добавьте его. * Заполните поле ""Описание товаров (работ, услуг)"". * Выберите единицу измерения товара (услуги). * Выберите происхождение товара из списка (собственное производство, перепродажа, услуга, не участвую). Автоматический выбор происхождения можно настроить во вкладке ""Настройки"". * Чтобы добавить дополнительную строку в таблицу, нажмите на значок «+» или на кнопку «Добавить ещё». 5. Указание ответственных лиц: * После заполнения табличной части необходимо указать руководителя и главного бухгалтера организации. Их можно выбрать из списка добавленных сотрудников или ввести Ф. И. О. вручную. Автоматическое заполнение этих полей можно настроить в разделе «Настройки», затем в «Реестры». 6. Сохранение документа: * Для сохранения данных и создания счета-фактуры нажмите на кнопку «Создать документ» в правом нижнем углу. * Кнопка «Просмотр», расположенная рядом, позволяет увидеть, как будет выглядеть ваш документ после создания.","Здравствуйте! Вы хотели проверить ИНН, но в вашем сообщении не указан 9-значный ИНН. Пожалуйста, отправьте ИНН в формате из 9 цифр, чтобы я мог его проверить.",Faktura API: CheckCompanyExist
2026-06-10 17:04:14,ru,проверь инн 489043363,Проверил ИНН *489043363*. Компания с ИНН *489043363* *зарегистрирована* в Faktura.uz.,Faktura API: CheckCompanyExist/489043363
2026-06-10 17:11:54,ru,"Ошибка 'Sorry, no matching options' при выборе ЭРИ ключа во время регистрации","Здравствуйте! Ошибка ""Sorry, no matching options"" при выборе ЭЦП-ключа во время регистрации обычно указывает на то, что система не может обнаружить доступные сертификаты ЭЦП на вашем компьютере. * *Что можно проверить:* 1. *Доступность сертификата ЭЦП:* Убедитесь, что ваш электронный цифровой ключ (ЭЦП) подключен к компьютеру и сертификат доступен. 2. *Работу e-imzo:* Проверьте, что приложение *e-imzo* установлено на вашем компьютере и корректно работает. Оно необходимо для взаимодействия с вашей ЭЦП. 3. *Выбор сертификата:* На шаге выбора ЭЦП система должна предложить выбрать сертификат организации или физического лица с вашего компьютера. Если список пуст, это может быть связано с некорректной работой *e-imzo* или отсутствием ЭЦП. * *Если в базе нет точной инструкции:* В базе знаний нет отдельной инструкции по устранению этой конкретной ошибки, но процесс регистрации подразумевает выбор *сертификата электронной цифровой подписи (ЭЦП)* с вашего компьютера после подтверждения контактных данных. * *Источник / основание из базы:* Информация основана на пункте ""Шаг 5: Выбор ЭЦП и установка пароля"" из документа ""Регистрация в системе Faktura.uz"", а также на общей информации об использовании ЭЦП с *e-imzo* (SOURCE 2, SOURCE 3).",Выбор оператора электронного документооборота – WIKI FAKTURA.pdf; Регистрация в системе Faktura.uz – WIKI FAKTURA.pdf; approved_case:manual_login_001; Счет-фактура акциз (ПКМ № 489) – WIKI FAKTURA.pdf; Счет-фактура ФАРМ(ПКМ № 489) – WIKI FAKTURA.pdf
2026-06-10 17:22:42,ru,при входе в аккаунт не появляется выбор ЭЦП,"AI-модель временно недоступна из-за высокой нагрузки. Пожалуйста, попробуйте повторить запрос позже.",approved_case:manual_login_001; Регистрация в системе Faktura.uz – WIKI FAKTURA.pdf; Согласование документов – WIKI FAKTURA.pdf; Выбор оператора электронного документооборота – WIKI FAKTURA.pdf
2026-06-10 17:25:24,ru,при входе в аккаунт не появляется выбор ЭЦП,"Краткий ответ: Если при входе в аккаунт Faktura.uz не появляется выбор ЭЦП, это может быть связано с тем, что система не распознаёт ваш ЭЦП-сертификат или ваш аккаунт был зарегистрирован без необходимости входа через ЭЦП. Что можно проверить: * *Доступность и работу ЭЦП*: Убедитесь, что ваш сертификат ЭЦП (*электронной цифровой подписи*) доступен на компьютере (например, подключен USB-токен или файл сертификата находится в нужном месте). Также проверьте, что программа _e-imzo_ корректно установлена и работает на вашем компьютере, так как именно через неё система Faktura.uz взаимодействует с вашей ЭЦП. * *Метод регистрации аккаунта*: Вспомните, как вы регистрировали свой аккаунт. Если он был создан с использованием номера телефона или электронной почты (как описывается в процессе регистрации), то выбор ЭЦП для входа может не появляться, и вам нужно входить, используя эти данные и пароль. Если в базе нет точной инструкции: В нашей базе знаний нет точной инструкции, описывающей действия в ситуации, когда *не появляется выбор ЭЦП* при входе, но есть общие рекомендации по проверке работы ЭЦП при возникновении проблем со входом. Источник / основание из базы: _approved_case:manual_login_001_ и _Регистрация в системе Faktura.uz – WIKI FAKTURA.pdf_.",approved_case:manual_login_001; Регистрация в системе Faktura.uz – WIKI FAKTURA.pdf; Согласование документов – WIKI FAKTURA.pdf; Выбор оператора электронного документооборота – WIKI FAKTURA.pdf
2026-06-10 17:28:13,ru,При входе в аккаунт нету ЭЦП,"Здравствуйте! Если у вас возникли проблемы с входом в аккаунт из-за отсутствия ЭЦП, важно проверить несколько моментов. *Краткий ответ:* Если ЭЦП не отображается при входе, убедитесь, что ваш сертификат ЭЦП доступен на компьютере и корректно функционирует через e-imzo. *Что можно проверить:* 1. *Доступность сертификата ЭЦП:* Убедитесь, что сам сертификат электронной цифровой подписи (ЭЦП) установлен и доступен на вашем компьютере. 2. *Работоспособность e-imzo:* Проверьте, корректно ли работает ваша ЭЦП через программу e-imzo. Это можно сделать, запустив e-imzo отдельно и убедившись, что она видит ваш сертификат. Если e-imzo не видит ЭЦП, проблема может быть в самом сертификате или его установке. 3. *Выбор сертификата:* При входе в аккаунт, если система предлагает выбрать ЭЦП, внимательно выберите нужный сертификат организации или физического лица с вашего компьютера. *Основание из базы знаний:* Согласно нашей базе, при входе, связанном с ЭЦП, необходимо убедиться, что *сертификат ЭЦП доступен на компьютере и корректно работает через e-imzo* (SOURCE 1). Также, при регистрации, система предлагает *выбрать сертификат электронной цифровой подписи (ЭЦП)* с вашего компьютера и *ввести пароль от сертификата в окно e-imzo* (SOURCE 4).",approved_case:manual_login_001; Регистрация в системе Faktura.uz – WIKI FAKTURA.pdf; Согласование документов – WIKI FAKTURA.pdf; Выбор оператора электронного документооборота – WIKI FAKTURA.pdf
2026-06-10 17:33:32,ru,При входе в аккаунт нету ЭЦП,"Если при входе в аккаунт у вас не отображается ЭЦП, в первую очередь убедитесь, что ваш сертификат ЭЦП доступен на компьютере и корректно работает через программу *e-imzo*. Что можно проверить: * *Доступность и работоспособность ЭЦП:* Убедитесь, что сертификат ЭЦП установлен на вашем компьютере и программа e-imzo функционирует правильно, чтобы система Faktura.uz могла его обнаружить. * *Общие шаги для входа:* Если проблема сохраняется, также проверьте правильность введенного номера телефона/электронной почты и пароля. * *Для сотрудников:* Если вы являетесь сотрудником, уточните, был ли ваш аккаунт добавлен администратором и активировали ли вы приглашение. В предоставленной базе знаний нет отдельной инструкции по ""сбросу"" ЭЦП или решению проблемы, если она не обнаруживается системой, кроме проверки её доступности и работы через *e-imzo*. _Основание: Источник 1 (manual_login_001), Источник 4 (Регистрация в системе Faktura.uz)_",approved_case:manual_login_001; Регистрация в системе Faktura.uz – WIKI FAKTURA.pdf; Согласование документов – WIKI FAKTURA.pdf; Выбор оператора электронного документооборота – WIKI FAKTURA.pdf
2026-06-10 17:35:38,ru,При входе в аккаунт нету ЭЦП,"Здравствуйте! Если при входе в аккаунт Faktura.uz у вас не отображается ЭЦП, возможно, есть проблема с сертификатом или его доступностью на вашем компьютере. *Что можно проверить:* 1. *Доступность ЭЦП:* Убедитесь, что ваш сертификат ЭЦП (*электронной цифровой подписи*) доступен на компьютере. 2. *Работа e-imzo:* Проверьте, корректно ли работает программа e-imzo на вашем компьютере, так как она необходима для взаимодействия с ЭЦП. 3. *Регистрация/Привязка ЭЦП:* Если вы регистрировались недавно или используете ЭЦП впервые с этим аккаунтом, убедитесь, что сертификат ЭЦП был успешно выбран и привязан к вашему аккаунту Faktura.uz в процессе регистрации. Если эти шаги не помогут, и ЭЦП все равно не отображается, возможно, потребуется более детальная диагностика работы e-imzo или переустановка сертификата. В базе знаний нет отдельной детальной инструкции по устранению проблемы, когда ЭЦП не отображается при входе, но есть общие рекомендации по входу и работе с ЭЦП. *Источник / основание:* * _SOURCE 1: approved\_case:manual\_login\_001_ * _SOURCE 4: Регистрация в системе Faktura.uz – WIKI FAKTURA.pdf_",approved_case:manual_login_001; Регистрация в системе Faktura.uz – WIKI FAKTURA.pdf; Согласование документов – WIKI FAKTURA.pdf; Выбор оператора электронного документооборота – WIKI FAKTURA.pdf
2026-06-10 17:36:20,ru,"Не найдены ЭРИ ключи при регистрации Faktura.uz. Ошибка 'Sorry, no matching options.'","AI-модель временно недоступна из-за высокой нагрузки. Пожалуйста, попробуйте повторить запрос позже.",approved_case:manual_login_001; Регистрация в системе Faktura.uz – WIKI FAKTURA.pdf; Выбор оператора электронного документооборота – WIKI FAKTURA.pdf; Доверенность(Роуминг) – WIKI FAKTURA.pdf
2026-06-10 17:39:32,ru,"Ошибка 'Sorry, no matching options' при выборе ЭЦП ключа на странице регистрации. Не могу выбрать ключ ЭЦП.","Краткий ответ: Ошибка *""Sorry, no matching options""* при выборе ЭЦП на странице регистрации обычно указывает на то, что система не может обнаружить доступные сертификаты электронной цифровой подписи на вашем компьютере. Что можно проверить: * Убедитесь, что ваш сертификат ЭЦП *доступен на компьютере* и не поврежден. * Проверьте, что программа _e-imzo_ *корректно работает* и может взаимодействовать с вашим ЭЦП. Иногда для этого требуется перезапуск программы или проверка её актуальности. * На этапе регистрации, после подтверждения контактных данных, система должна предложить *выбрать нужный сертификат* электронной цифровой подписи (ЭЦП) с вашего компьютера. Если список пуст или появляется данная ошибка, это означает проблему с обнаружением ЭЦП. Если в базе нет точной инструкции: В текущей базе знаний нет конкретной инструкции, которая бы описывала шаги по устранению именно ошибки *""Sorry, no matching options""* при выборе ЭЦП во время регистрации. Источник / основание из базы: * Процесс выбора ЭЦП при регистрации: *Регистрация в системе Faktura.uz – WIKI FAKTURA.pdf*, Шаг 5. * Общие рекомендации по проверке работы ЭЦП: *approved_case:manual_login_001*.",approved_case:manual_login_001; Согласование документов – WIKI FAKTURA.pdf; Регистрация в системе Faktura.uz – WIKI FAKTURA.pdf; Выбор оператора электронного документооборота – WIKI FAKTURA.pdf; Счет-фактура (ПКМ № 489) – WIKI FAKTURA.pdf
2026-06-10 17:40:34,ru,как создать акт доверенности,"Для создания электронной доверенности в системе Faktura.uz, следуйте этим шагам: * На основной странице системы нажмите на кнопку «*Доверенность*» * Или откройте раздел «*Документы*» в боковом меню системы, затем «*Создать документ*» и выберите из списка «*Доверенность*». * Выберите шаблон «*Доверенность (Роуминг)*». * После выбора шаблона откроется редактор, где вам нужно будет заполнить поля: * **Номер доверенности** * **Дата выдачи** * **Доверенность действительна до** (срок действия) * **ИНН / ПИНФЛ доверенного лица** (ФИО заполнится автоматически) *Что можно проверить:* Убедитесь, что вы находитесь на главной странице системы или в разделе ""Документы"", чтобы найти опцию ""Доверенность"" или ""Создать документ"". *Основание:* Информация взята из *SOURCE 1: Доверенность(Роуминг) – WIKI FAKTURA.pdf*, страница 1.",Доверенность(Роуминг) – WIKI FAKTURA.pdf; Согласование документов – WIKI FAKTURA.pdf
2026-06-10 17:41:45,ru,ИНН 303971562,Добрый день! По результатам проверки для ИНН *303971562*: *Компания с данным ИНН зарегистрирована в Faktura.uz.* _Детали ответа системы:_ *`Success`*: `True` – запрос выполнен успешно. *`Data.CompanyExist`*: `True` – компания найдена и зарегистрирована в Faktura.uz.,Faktura API: CheckCompanyExist/303971562
2026-06-10 17:47:30,ru,не могу отправить акт и счет-фактуру контрагенту,"AI-модель временно недоступна из-за высокой нагрузки. Пожалуйста, попробуйте повторить запрос позже.",Акт-сверки(Роуминг) – WIKI FAKTURA.pdf; Счет-фактура (ПКМ № 489) – WIKI FAKTURA.pdf; Доверенность(Роуминг) – WIKI FAKTURA.pdf
2026-06-10 17:48:42,ru,не могу отправить акт и счет-фактуру контрагенту,"Здравствуйте! Понимаю, что могут возникать сложности с отправкой документов. *Краткий ответ:* Для *счет-фактуры*, после создания документа, должна быть возможность отправить его контрагенту. Для *акта сверки*, в предоставленной базе знаний нет точной инструкции по его отправке. *Что можно проверить:* 1. *Для счет-фактуры:* * После создания счет-фактуры открывается окно с готовым документом. Убедитесь, что вы просмотрели документ. * Проверьте, есть ли там кнопки для *отправки на Согласование* или *подписания (ЭЦП ключом)*. Часто отправка становится доступной после подписания. * После этих шагов должна быть кнопка или функция *""отправить документ покупателю""*. 2. *Для обоих документов:* * Убедитесь, что все необходимые поля в документе заполнены корректно. * Документ должен быть сохранен. Для акта сверки это кнопка *""Сохранить""* в правом нижнем углу экрана. * Проверьте, нет ли на странице каких-либо ошибок или предупреждений, которые могли бы блокировать отправку. *Если в базе нет точной инструкции — честно напиши это:* В предоставленной базе знаний нет конкретной инструкции по отправке *акта сверки* контрагенту, только информация о его создании, редактировании и сохранении. *Источник / основание из базы, если возможно:* Для информации о счет-фактуре: *SOURCE 3* (раздел ""Счет-фактура (ПКМ № 489) – WIKI FAKTURA.pdf"").",Акт-сверки(Роуминг) – WIKI FAKTURA.pdf; Счет-фактура (ПКМ № 489) – WIKI FAKTURA.pdf; Доверенность(Роуминг) – WIKI FAKTURA.pdf
2026-06-10 17:58:01,ru,при подписании счет-фактура не появляется ЭЦП,"AI-модель временно недоступна из-за высокой нагрузки. Пожалуйста, попробуйте повторить запрос позже.",approved_case:manual_login_001; Согласование документов – WIKI FAKTURA.pdf; Счет-фактура (ПКМ № 489) – WIKI FAKTURA.pdf; Регистрация в системе Faktura.uz – WIKI FAKTURA.pdf
2026-06-10 18:07:19,ru,"Не удается выбрать ЭЦП ключ при регистрации на Faktura.uz. Что делать, если ЭЦП не отображается в списке?","AI-модель временно недоступна из-за высокой нагрузки. Пожалуйста, попробуйте повторить запрос позже.",approved_case:manual_login_001; Регистрация в системе Faktura.uz – WIKI FAKTURA.pdf; Согласование документов – WIKI FAKTURA.pdf; Выбор оператора электронного документооборота – WIKI FAKTURA.pdf; Доверенность(Роуминг) – WIKI FAKTURA.pdf
2026-06-10 22:06:18,ru,"Ошибка 'Sorry, no matching options' при выборе ЭЦП ключа на странице регистрации. Как зарегистрироваться с ЭЦП, если нет доступных ключей?","AI-модель временно недоступна из-за высокой нагрузки. Пожалуйста, попробуйте повторить запрос позже.",approved_case:manual_login_001; Согласование документов – WIKI FAKTURA.pdf; Регистрация в системе Faktura.uz – WIKI FAKTURA.pdf; Доверенность(Роуминг) – WIKI FAKTURA.pdf
2026-06-10 22:25:27,ru,"я забыл свой пароль, как теперь войти в аккаунт","Если вы забыли свой пароль и не можете войти в аккаунт Faktura.uz, следуйте этим шагам для его восстановления: *Что можно проверить:* 1. *Перейдите на страницу входа:* Откройте веб-браузер и зайдите на сайт https://faktura.uz. На главной странице нажмите кнопку «*Войти*», расположенную в правом верхнем углу. 2. *Нажмите ""Забыли пароль?"":* На странице входа в систему найдите и нажмите на ссылку «*Забыли пароль?*» или аналогичную. 3. *Введите ваш email:* Вам будет предложено ввести адрес электронной почты, связанный с вашим аккаунтом. Введите его и отправьте запрос. 4. *Проверьте почту:* На указанный адрес электронной почты будет отправлено письмо с инструкциями по восстановлению пароля. Следуйте этим инструкциям. 5. *Создайте новый пароль:* После перехода по ссылке из письма вы сможете создать новый пароль для вашего аккаунта. Если доступ восстановить не удалось, пожалуйста, обратитесь в службу поддержки Faktura.uz. *Источник/основание из базы:* approved\_case:manual\_login\_001",approved_case:manual_login_001; Регистрация в системе Faktura.uz – WIKI FAKTURA.pdf; Согласование документов – WIKI FAKTURA.pdf
2026-06-12 11:30:15,ru,Faktura.uz вход по ЭЦП нет ключей,"AI-модель временно недоступна из-за высокой нагрузки. Пожалуйста, попробуйте повторить запрос позже.",approved_case:manual_login_001; Регистрация в системе Faktura.uz – WIKI FAKTURA.pdf; Согласование документов – WIKI FAKTURA.pdf; Доверенность(Роуминг) – WIKI FAKTURA.pdf
2026-06-12 11:32:58,ru,"Вот ответы на ваши вопросы: 1. **Что изображено?** На изображении показан экран ноутбука с открытой в браузере страницей входа в систему (авторизации) веб-сайта Faktura.uz. Пользователь выбрал авторизацию ""По ключу ЭЦП"" (электронной цифровой подписи), но система выдает ошибку: ""Sorry, no matching options."" (Извините, нет подходящих вариантов). Также видна часть клавиатуры ноутбука. 2. **Если есть текст — перепиши его дословно.** * **(Вкладки браузера)** Войти в систему * **(Адресная строка)** account.faktura.uz/Login?ReturnUrl=http%3a%2f%2faccount.faktura.uz%2f * **(Закладки)** Beepul - Agent, Войти в систему, Ucell, Vbi-Beelab, MY Online, Другие закладки * **(Шапка сайта)** Faktura.uz, (71) 200-00-13, Русский * **(Основной текст)** * Войти в систему * Выберите тип авторизации и заполните данные для входа в аккаунт * По логину * По ключу ЭЦП * Выберите ключ ЭЦП * Выберите * Sorry, no matching options. * Запомнить меня * Войти * Задат... (часть кнопки, вероятно ""Задать вопрос"") 3. **Какой вопрос пользователь скорее всего хочет задать?** ""Почему система не видит мой ключ ЭЦП и как решить эту проблему?"" или ""Как мне войти в Faktura.uz по ключу ЭЦП, если отображается ошибка 'Sorry, no matching options.'?""","AI-модель временно недоступна из-за высокой нагрузки. Пожалуйста, попробуйте повторить запрос позже.",Выбор оператора электронного документооборота – WIKI FAKTURA.pdf; Акт-сверки(Роуминг) – WIKI FAKTURA.pdf; Регистрация в системе Faktura.uz – WIKI FAKTURA.pdf; Счет-фактура акциз (ПКМ № 489) – WIKI FAKTURA.pdf; Счет-фактура (ПКМ № 489) – WIKI FAKTURA.pdf
2026-06-12 11:41:43,ru,неверный логин или пароль,"Для того чтобы получить информацию о ролях компании, мне нужен ее ИНН. Пожалуйста, отправьте мне *9-значный ИНН* компании.",Faktura API
2026-06-12 11:42:26,ru,489043363,"Вы указали номер *489043363*. В нашей базе знаний этот номер полностью не встречается. Однако часть *«489»* упоминается в названии документа *«Счет-фактура ФАРМ(ПКМ № 489)»*. *Что можно проверить:* Если ваш запрос связан со *«Счет-фактурой ФАРМ»* или документами, регулируемыми *«ПКМ № 489»*, уточните, пожалуйста, что именно вас интересует. В предоставленном контексте нет конкретной инструкции или информации, напрямую касающейся всего номера *489043363*. *Основание:* Информация о *«Счет-фактура ФАРМ(ПКМ № 489)»* найдена в SOURCE 4.",Регистрация в системе Faktura.uz – WIKI FAKTURA.pdf; Акт-сверки(Роуминг) – WIKI FAKTURA.pdf; Счет-фактура ФАРМ(ПКМ № 489) – WIKI FAKTURA.pdf
2026-06-12 11:43:08,ru,Faktura.uz не найден ключ ЭЦП при входе,"AI-модель временно недоступна из-за высокой нагрузки. Пожалуйста, попробуйте повторить запрос позже.",approved_case:manual_login_001; Регистрация в системе Faktura.uz – WIKI FAKTURA.pdf; Доверенность(Роуминг) – WIKI FAKTURA.pdf; Согласование документов – WIKI FAKTURA.pdf
2026-06-12 11:43:37,ru,Не отображается ключ ЭЦП при входе,"Здравствуйте! Если у вас не отображается ключ ЭЦП при входе в Faktura.uz, это может быть связано с его доступностью или работой на вашем компьютере. *Краткий ответ:* Проверьте доступность и корректность работы вашего сертификата ЭЦП через e-imzo. *Что можно проверить:* 1. *Доступность сертификата ЭЦП:* Убедитесь, что ваш сертификат ЭЦП физически доступен на компьютере (например, вставлена флешка или токен, если он на внешнем носителе). 2. *Работа через e-imzo:* Проверьте, корректно ли работает ЭЦП через программу e-imzo. Это необходимо для того, чтобы система Faktura.uz могла распознать ваш ключ. *Если в базе нет точной инструкции — честно напиши это:* В базе знаний нет отдельной инструкции по устранению неполадок, когда ключ ЭЦП не отображается, но есть общие рекомендации по входу с ЭЦП. *Источник / основание из базы:* Информация основана на рекомендациях по входу в аккаунт, связанных с ЭЦП, из файла ""approved\_case:manual\_login\_001"" и упоминании e-imzo в ""Регистрация в системе Faktura.uz – WIKI FAKTURA.pdf"".",approved_case:manual_login_001; Согласование документов – WIKI FAKTURA.pdf; Регистрация в системе Faktura.uz – WIKI FAKTURA.pdf; Доверенность(Роуминг) – WIKI FAKTURA.pdf
2026-06-14 15:04:34,ru,Проверь синхронизацию документов ИНН: 489043363 UID: 4f1e45d1df954fba98716a7fa578bedc,"Проверил статус документа с *UID* `4f1e45d1df954fba98716a7fa578bedc`. Текущий статус документа: *\""Ожидается ответ контрагента\""*. Это означает, что отправитель документа (ООО \""faktura-test\"" с ИНН: `30707870070036`) уже подписал его со своей стороны и отправил контрагенту (MIRZARAXIMOV BAXTIYOR KAMILJANOVICH с ИНН: `33103860250052`). Сейчас документ находится на рассмотрении у контрагента, который должен его просмотреть и подписать. *Контрагент документ пока не подписал.* Синхронизация статусов успешна, расхождений не обнаружено.",Faktura API: CheckDocumentSync/489043363/4f1e45d1df954fba98716a7fa578bedc
2026-06-14 15:06:16,uz,uid 6a27a9a53a20a1ebd8e74fa6 inn 308718167 fakturada korinmayapti korib berin,"*Mavjud maʼlumotlar bazasida fakturaning koʻrinmasligi yoki uni qanday tekshirish boʻyicha aniq koʻrsatma topilmadi.* Afsuski, fakturalarning koʻrinmasligi (UID: `6a27a9a53a20a1ebd8e74fa6`, INN: `308718167`) bilan bogʻliq muammoni hal qilish yoki fakturani qanday topish boʻyicha batafsil koʻrsatmalar bizning maʼlumotlar bazamizda mavjud emas. Shuning uchun, bu holatda sizga toʻgʻridan-toʻgʻri yordam bera olmayman.",Счет-фактура ФАРМ(ПКМ № 489) – WIKI FAKTURA.pdf; Акт-сверки(Роуминг) – WIKI FAKTURA.pdf; Счет-фактура акциз (ПКМ № 489) – WIKI FAKTURA.pdf; Регистрация в системе Faktura.uz – WIKI FAKTURA.pdf
2026-06-14 15:07:06,uz,uid 6a27a9a53a20a1ebd8e74fa6 inn 308718167,"Siz UID: `6a27a9a53a20a1ebd8e74fa6` va INN: `308718167` ma'lumotlarini taqdim etdingiz. *Kratkoy otvet:* Ushbu ma'lumotlarga asoslanib qanday yordam berishim kerakligini tushunmadim. Iltimos, Faktura.uz tizimi bo'yicha aniq savolingizni bering. *Nima tekshirish mumkin:* Sizdan quyidagi kabi savollar kutilmoqda: * Ro'yxatdan o'tish * Hisob-fakturalar yaratish yoki ko'rish * Shaxsiy kabinetga kirish * Parolni tiklash * E-TSQ bilan ishlash * Boshqa funksiyalar bo'yicha yordam *Agar bazada aniq ko'rsatma bo'lmasa:* Mening bilim bazamda taqdim etilgan UID va INN raqamlari orqali ma'lumotlarni qidirish yoki boshqa harakatlarni amalga oshirish bo'yicha aniq ko'rsatma mavjud emas. Savolingizni aniqroq bayon qilsangiz, mavjud ma'lumotlar asosida sizga yordam berishga harakat qilaman.",Товарно-транспортная накладная – WIKI FAKTURA.pdf; Регистрация в системе Faktura.uz – WIKI FAKTURA.pdf; Счет-фактура ФАРМ(ПКМ № 489) – WIKI FAKTURA.pdf; Выбор оператора электронного документооборота – WIKI FAKTURA.pdf
2026-06-14 16:53:10,ru,Проверь синхронизацию документов uid 6a27a9a53a20a1ebd8e74fa6 inn 308718167,"Привет! 👋 _ИНН_ *308718167* успешно найден. 👍 Однако, для проверки синхронизации документов мне *необходимо получить UID документа*. Похоже, что он не был указан в запросе, который я получил. Пожалуйста, укажите *32-значный UID документа*. Его можно найти в Faktura.uz: откройте нужный документ, а затем скопируйте *UID* из адресной строки браузера (URL) или из карточки самого документа. Жду UID, чтобы продолжить!",Faktura API: CheckDocumentSync
2026-06-14 16:54:03,ru,Проверь синхронизацию документов UID: 6a27a9a53a20a1ebd8e74fa6 INN: 308718167,"Мы нашли компанию с ИНН *308718167*. Однако, для проверки синхронизации документа *не был указан UID документа*. Пожалуйста, добавьте *32-значный UID документа*. Его можно найти в Faktura.uz: откройте нужный документ и скопируйте UID из адресной строки браузера (URL) или из карточки документа.",Faktura API: CheckDocumentSync
2026-06-14 16:55:10,ru,Проверь синхронизацию документов ИНН: 489043363 UID: 414b5beaacdb4cd4a7f90424bc64f7e2,"По вашему запросу о документе *Дополнительное соглашение № 1 к договору ""Договор Субаренды №1-тест от 20.07.2023""* (UID: `414b5beaacdb4cd4a7f90424bc64f7e2`): Текущий статус документа: *Требуется подпись*. Это означает, что компания *OOO ""faktura-test""* (ИНН: `489043363`) уже подписала этот документ. Однако, документ еще ожидает подписи от компании *""DOCCO PARTNERS"" MCHJ* (ИНН: `307840120`).",Faktura API: CheckDocumentSync/489043363/414b5beaacdb4cd4a7f90424bc64f7e2
2026-06-14 17:04:24,ru,Проверь синхронизацию документов ИНН: 489043363 UID: 414b5beaacdb4cd4a7f90424bc64f7e2,"✅ *Синхронизация документов*: Статусы документа по UID *414b5beaacdb4cd4a7f90424bc64f7e2* совпадают. 📝 *Текущий статус документа*: *Требуется подпись*. 👉 Документ ""*Дополнительное соглашение № 1 к договору ""Договор Субаренды №1-тест от 20.07.2023""*"" *(UID: 414b5beaacdb4cd4a7f90424bc64f7e2)* уже *подписан вашей компанией OOO ""faktura-test""*. ⏳ Сейчас ожидается подпись от вашего контрагента — компании *""DOCCO PARTNERS"" MCHJ* (ИНН: 307840120).",Faktura API: CheckDocumentSync/489043363/414b5beaacdb4cd4a7f90424bc64f7e2
2026-06-16 13:19:08,ru,проблема со входом неверный логин или пароль,"Чтобы получить список *ролей компании*, пожалуйста, отправьте 9-значный *ИНН*.",Faktura API
2026-06-16 13:31:31,ru,Ошибка неверный логин или пароль при входе в систему,"Чтобы я мог предоставить список ролей компании, пожалуйста, отправьте ее ИНН в формате 9 цифр.",Faktura API
2026-06-16 14:06:46,ru,Ошибка входа Неверный логин или пароль Faktura.uz,"Чтобы получить информацию по компании и список ролей, мне нужен ИНН. Пожалуйста, отправьте 9-значный ИНН.",Faktura API
